{"cameraMode":{"drawMode":0,"name":"Shaded","section":"Shading Mode"},"sceneLighting":true,"audioPlay":false,"sceneViewState":{"m_AlwaysRefresh":false,"showFog":true,"showSkybox":true,"showFlares":true,"showImageEffects":true,"showParticleSystems":true,"showVisualEffectGraphs":true,"m_FxEnabled":true},"in2DMode":false,"pivot":{"x":678.544189453125,"y":344.99163818359377,"z":-4.11273193359375},"rotation":{"x":0.011996663175523281,"y":0.022496866062283517,"z":-0.0002719517797231674,"w":0.9996836185455322},"size":524.9889526367188,"orthographic":true}