{"cameraMode":{"drawMode":0,"name":"Shaded","section":"Shading Mode"},"sceneLighting":true,"audioPlay":false,"sceneViewState":{"m_AlwaysRefresh":false,"showFog":true,"showSkybox":true,"showFlares":true,"showImageEffects":true,"showParticleSystems":true,"showVisualEffectGraphs":true,"m_FxEnabled":true},"in2DMode":false,"pivot":{"x":353.69683837890627,"y":241.25672912597657,"z":-590.450927734375},"rotation":{"x":0.058457423001527789,"y":0.01856977492570877,"z":-0.0010831061517819763,"w":0.9981319308280945},"size":261.4884338378906,"orthographic":true}