{"cameraMode":{"drawMode":0,"name":"Shaded","section":"Shading Mode"},"sceneLighting":true,"audioPlay":false,"sceneViewState":{"m_AlwaysRefresh":false,"showFog":true,"showSkybox":true,"showFlares":true,"showImageEffects":true,"showParticleSystems":true,"showVisualEffectGraphs":true,"m_FxEnabled":true},"in2DMode":false,"pivot":{"x":-306.8022766113281,"y":100.68013763427735,"z":-753.0689086914063},"rotation":{"x":0.11734456568956375,"y":0.3820507824420929,"z":-0.04897721856832504,"w":0.9153544902801514},"size":115.48045349121094,"orthographic":true}