{"cameraMode":{"drawMode":0,"name":"Shaded","section":"Shading Mode"},"sceneLighting":true,"audioPlay":false,"sceneViewState":{"m_AlwaysRefresh":false,"showFog":true,"showSkybox":true,"showFlares":true,"showImageEffects":true,"showParticleSystems":true,"showVisualEffectGraphs":true,"m_FxEnabled":true},"in2DMode":false,"pivot":{"x":-117.17477416992188,"y":226.77125549316407,"z":-1229.840087890625},"rotation":{"x":-0.17396067082881928,"y":0.08471683412790299,"z":-0.015023606829345227,"w":-0.9810325503349304},"size":97.53459930419922,"orthographic":true}