{"cameraMode":{"drawMode":0,"name":"Shaded","section":"Shading Mode"},"sceneLighting":true,"audioPlay":false,"sceneViewState":{"m_AlwaysRefresh":false,"showFog":true,"showSkybox":true,"showFlares":true,"showImageEffects":true,"showParticleSystems":true,"showVisualEffectGraphs":true,"m_FxEnabled":true},"in2DMode":false,"pivot":{"x":0.04543328285217285,"y":127.25614929199219,"z":-1580.5714111328125},"rotation":{"x":-0.2984587848186493,"y":0.1065981462597847,"z":-0.03438055142760277,"w":-0.9479758739471436},"size":335.36456298828127,"orthographic":true}