{"cameraMode":{"drawMode":0,"name":"Shaded","section":"Shading Mode"},"sceneLighting":true,"audioPlay":false,"sceneViewState":{"m_AlwaysRefresh":false,"showFog":true,"showSkybox":true,"showFlares":true,"showImageEffects":true,"showParticleSystems":true,"showVisualEffectGraphs":true,"m_FxEnabled":true},"in2DMode":false,"pivot":{"x":-109.5204086303711,"y":31.396244049072267,"z":-1377.0333251953125},"rotation":{"x":-0.42706239223480227,"y":-0.03687148913741112,"z":0.01744033955037594,"w":-0.9033786058425903},"size":298.2006530761719,"orthographic":true}