{"cameraMode":{"drawMode":0,"name":"Shaded","section":"Shading Mode"},"sceneLighting":true,"audioPlay":false,"sceneViewState":{"m_AlwaysRefresh":false,"showFog":true,"showSkybox":true,"showFlares":true,"showImageEffects":true,"showParticleSystems":true,"showVisualEffectGraphs":true,"m_FxEnabled":true},"in2DMode":false,"pivot":{"x":-197.27822875976563,"y":10.145779609680176,"z":-688.0530395507813},"rotation":{"x":0.15614376962184907,"y":-0.09378553926944733,"z":0.014905729331076146,"w":0.9831821918487549},"size":616.1908569335938,"orthographic":true}