{"cameraMode":{"drawMode":0,"name":"Shaded","section":"Shading Mode"},"sceneLighting":true,"audioPlay":false,"sceneViewState":{"m_AlwaysRefresh":false,"showFog":true,"showSkybox":true,"showFlares":true,"showImageEffects":true,"showParticleSystems":true,"showVisualEffectGraphs":true,"m_FxEnabled":true},"in2DMode":false,"pivot":{"x":-207.66836547851563,"y":-192.06605529785157,"z":-227.12265014648438},"rotation":{"x":0.25522521138191225,"y":-0.09985636919736862,"z":0.026511039584875108,"w":0.961349606513977},"size":412.49114990234377,"orthographic":true}