{"cameraMode":{"drawMode":0,"name":"Shaded","section":"Shading Mode"},"sceneLighting":false,"audioPlay":false,"sceneViewState":{"m_AlwaysRefresh":false,"showFog":true,"showSkybox":false,"showFlares":true,"showImageEffects":true,"showParticleSystems":true,"showVisualEffectGraphs":true,"m_FxEnabled":true},"in2DMode":false,"pivot":{"x":0.5061911344528198,"y":0.7748205661773682,"z":-0.044703006744384769},"rotation":{"x":0.12712325155735017,"y":0.022315697744488717,"z":-0.002860883018001914,"w":0.9916363954544067},"size":2.159339189529419,"orthographic":false}